{"iteration": 10, "error": 0.8780314659123705, "_timestamp": 1724229535.6297944, "_runtime": 8.166602373123169, "_step": 9, "_wandb": {"runtime": 6}}