{"iteration": 10, "error": 0.8814485940451633, "_timestamp": 1724229564.715158, "_runtime": 8.413419961929321, "_step": 9, "_wandb": {"runtime": 5}}