{"iteration": 10, "error": 0.8383662061788738, "_timestamp": 1724229550.4278164, "_runtime": 8.304882287979126, "_step": 9, "_wandb": {"runtime": 6}}