{"iteration": 10, "error": 0.8511207170685866, "_timestamp": 1724229582.3572636, "_runtime": 11.32524061203003, "_step": 9, "_wandb": {"runtime": 7}}