{"iteration": 10, "error": 0.8983069779164742, "_timestamp": 1724229599.8770137, "_runtime": 10.943792581558228, "_step": 9, "_wandb": {"runtime": 8}}