{"iteration": 10, "error": 0.8699742427836872, "_timestamp": 1724229616.0211968, "_runtime": 10.342543840408325, "_step": 9, "_wandb": {"runtime": 7}}